Id,label
20000.jpg,2931
20001.jpg,96
20002.jpg,41
20003.jpg,878
20004.jpg,113
20005.jpg,5
20006.jpg,30
20007.jpg,1460
20008.jpg,1458
20009.jpg,2
20010.jpg,41
20011.jpg,1417
20012.jpg,2931
20013.jpg,1471
20014.jpg,242
20015.jpg,1869
20016.jpg,104
20017.jpg,40
20018.jpg,316
20019.jpg,107
20020.jpg,2
20021.jpg,4
20022.jpg,921
20023.jpg,921
20024.jpg,0
20025.jpg,31
20026.jpg,890
20027.jpg,1876
20028.jpg,955
20029.jpg,291
20030.jpg,491
20031.jpg,0
20032.jpg,17
20033.jpg,208
20034.jpg,19
20035.jpg,0
20036.jpg,4
20037.jpg,287
20038.jpg,287
20039.jpg,0
20040.jpg,12
20041.jpg,275
20042.jpg,504
20043.jpg,217
20044.jpg,21
20045.jpg,1778
20046.jpg,40
20047.jpg,45
20048.jpg,466
20049.jpg,33
20050.jpg,0
20051.jpg,9
20052.jpg,959
20053.jpg,959
20054.jpg,0
20055.jpg,34
20056.jpg,925
20057.jpg,1826
20058.jpg,867
20059.jpg,309
20060.jpg,1189
20061.jpg,3
20062.jpg,19
20063.jpg,420
20064.jpg,29
20065.jpg,0
20066.jpg,3
20067.jpg,672
20068.jpg,672
20069.jpg,0
20070.jpg,16
20071.jpg,656
20072.jpg,1203
20073.jpg,531
20074.jpg,174
20075.jpg,402
20076.jpg,2
20077.jpg,4
20078.jpg,166
20079.jpg,13
20080.jpg,1
20081.jpg,5
20082.jpg,246
20083.jpg,246
20084.jpg,0
20085.jpg,8
20086.jpg,238
20087.jpg,504
20088.jpg,258
20089.jpg,46
20090.jpg,501
20091.jpg,1
20092.jpg,14
20093.jpg,155
20094.jpg,13
20095.jpg,0
20096.jpg,4
20097.jpg,293
20098.jpg,293
20099.jpg,0
20100.jpg,9
20101.jpg,284
20102.jpg,564
20103.jpg,271
20104.jpg,93
20105.jpg,379
20106.jpg,1
20107.jpg,12
20108.jpg,131
20109.jpg,21
20110.jpg,0
20111.jpg,2
20112.jpg,229
20113.jpg,229
20114.jpg,0
20115.jpg,8
20116.jpg,221
20117.jpg,381
20118.jpg,152
20119.jpg,44
20120.jpg,710
20121.jpg,15
20122.jpg,11
20123.jpg,83
20124.jpg,24
20125.jpg,0
20126.jpg,15
20127.jpg,476
20128.jpg,476
20129.jpg,0
20130.jpg,9
20131.jpg,467
20132.jpg,715
20133.jpg,239
20134.jpg,328
20135.jpg,1226
20136.jpg,22
20137.jpg,21
20138.jpg,99
20139.jpg,56
20140.jpg,1
20141.jpg,8
20142.jpg,358
20143.jpg,358
20144.jpg,0
20145.jpg,3
20146.jpg,355
20147.jpg,1450
20148.jpg,1092
20149.jpg,142
20150.jpg,2063
20151.jpg,27
20152.jpg,18
20153.jpg,177
20154.jpg,30
20155.jpg,2
20156.jpg,2
20157.jpg,519
20158.jpg,519
20159.jpg,0
20160.jpg,19
20161.jpg,500
20162.jpg,2066
20163.jpg,1547
20164.jpg,230
20165.jpg,2890
20166.jpg,146
20167.jpg,40
20168.jpg,825
20169.jpg,114
20170.jpg,5
20171.jpg,117
20172.jpg,1461
20173.jpg,1461
20174.jpg,0
20175.jpg,22
20176.jpg,1439
20177.jpg,2916
20178.jpg,1455
20179.jpg,266
20180.jpg,1985
20181.jpg,149
20182.jpg,38
20183.jpg,460
20184.jpg,74
20185.jpg,4
20186.jpg,5
20187.jpg,1077
20188.jpg,1077
20189.jpg,0
20190.jpg,20
20191.jpg,1057
20192.jpg,2086
20193.jpg,1009
20194.jpg,264
20195.jpg,378
20196.jpg,5
20197.jpg,5
20198.jpg,119
20199.jpg,9
20200.jpg,0
20201.jpg,1
20202.jpg,163
20203.jpg,163
20204.jpg,0
20205.jpg,8
20206.jpg,155
20207.jpg,378
20208.jpg,215
20209.jpg,9
20210.jpg,751
20211.jpg,1
20212.jpg,27
20213.jpg,331
20214.jpg,35
20215.jpg,0
20216.jpg,1
20217.jpg,458
20218.jpg,458
20219.jpg,0
20220.jpg,9
20221.jpg,449
20222.jpg,750
20223.jpg,292
20224.jpg,45
20225.jpg,2677
20226.jpg,169
20227.jpg,28
20228.jpg,103
20229.jpg,27
20230.jpg,3
20231.jpg,5
20232.jpg,785
20233.jpg,785
20234.jpg,0
20235.jpg,22
20236.jpg,763
20237.jpg,2793
20238.jpg,2008
20239.jpg,422
20240.jpg,3192
20241.jpg,239
20242.jpg,24
20243.jpg,66
20244.jpg,24
20245.jpg,1
20246.jpg,27
20247.jpg,820
20248.jpg,820
20249.jpg,0
20250.jpg,24
20251.jpg,796
20252.jpg,3192
20253.jpg,2372
20254.jpg,426
20255.jpg,1532
20256.jpg,251
20257.jpg,40
20258.jpg,122
20259.jpg,75
20260.jpg,3
20261.jpg,1
20262.jpg,801
20263.jpg,801
20264.jpg,0
20265.jpg,14
20266.jpg,787
20267.jpg,1481
20268.jpg,680
20269.jpg,246
20270.jpg,2691
20271.jpg,138
20272.jpg,49
20273.jpg,696
20274.jpg,85
20275.jpg,13
20276.jpg,5
20277.jpg,1271
20278.jpg,1271
20279.jpg,0
20280.jpg,37
20281.jpg,1234
20282.jpg,2823
20283.jpg,1552
20284.jpg,207
20285.jpg,1239
20286.jpg,90
20287.jpg,16
20288.jpg,69
20289.jpg,78
20290.jpg,4
20291.jpg,10
20292.jpg,597
20293.jpg,597
20294.jpg,0
20295.jpg,9
20296.jpg,588
20297.jpg,1297
20298.jpg,700
20299.jpg,304
20300.jpg,1891
20301.jpg,99
20302.jpg,27
20303.jpg,225
20304.jpg,123
20305.jpg,0
20306.jpg,9
20307.jpg,949
20308.jpg,949
20309.jpg,0
20310.jpg,20
20311.jpg,929
20312.jpg,1893
20313.jpg,944
20314.jpg,429
20315.jpg,1752
20316.jpg,116
20317.jpg,46
20318.jpg,510
20319.jpg,48
20320.jpg,5
20321.jpg,5
20322.jpg,917
20323.jpg,917
20324.jpg,0
20325.jpg,15
20326.jpg,902
20327.jpg,1752
20328.jpg,835
20329.jpg,135
20330.jpg,1709
20331.jpg,76
20332.jpg,41
20333.jpg,566
20334.jpg,35
20335.jpg,1
20336.jpg,6
20337.jpg,890
20338.jpg,890
20339.jpg,0
20340.jpg,11
20341.jpg,879
20342.jpg,1710
20343.jpg,820
20344.jpg,129
20345.jpg,906
20346.jpg,2
20347.jpg,18
20348.jpg,331
20349.jpg,18
20350.jpg,0
20351.jpg,9
20352.jpg,464
20353.jpg,464
20354.jpg,0
20355.jpg,23
20356.jpg,441
20357.jpg,906
20358.jpg,442
20359.jpg,31
20360.jpg,295
20361.jpg,2
20362.jpg,7
20363.jpg,67
20364.jpg,9
20365.jpg,0
20366.jpg,1
20367.jpg,151
20368.jpg,151
20369.jpg,0
20370.jpg,9
20371.jpg,142
20372.jpg,278
20373.jpg,127
20374.jpg,45
20375.jpg,1500
20376.jpg,69
20377.jpg,43
20378.jpg,251
20379.jpg,92
20380.jpg,4
20381.jpg,0
20382.jpg,828
20383.jpg,828
20384.jpg,0
20385.jpg,15
20386.jpg,813
20387.jpg,1494
20388.jpg,666
20389.jpg,336
20390.jpg,771
20391.jpg,59
20392.jpg,13
20393.jpg,82
20394.jpg,33
20395.jpg,2
20396.jpg,7
20397.jpg,409
20398.jpg,409
20399.jpg,0
20400.jpg,8
20401.jpg,401
20402.jpg,785
20403.jpg,376
20404.jpg,206
20405.jpg,2407
20406.jpg,126
20407.jpg,77
20408.jpg,375
20409.jpg,49
20410.jpg,2
20411.jpg,9
20412.jpg,1212
20413.jpg,1212
20414.jpg,0
20415.jpg,54
20416.jpg,1158
20417.jpg,2432
20418.jpg,1220
20419.jpg,487
20420.jpg,1273
20421.jpg,67
20422.jpg,53
20423.jpg,230
20424.jpg,31
20425.jpg,3
20426.jpg,9
20427.jpg,706
20428.jpg,706
20429.jpg,0
20430.jpg,16
20431.jpg,690
20432.jpg,1330
20433.jpg,624
20434.jpg,264
20435.jpg,1123
20436.jpg,7
20437.jpg,27
20438.jpg,343
20439.jpg,86
20440.jpg,1
20441.jpg,14
20442.jpg,649
20443.jpg,649
20444.jpg,0
20445.jpg,7
20446.jpg,642
20447.jpg,1138
20448.jpg,489
20449.jpg,152
20450.jpg,1143
20451.jpg,6
20452.jpg,14
20453.jpg,273
20454.jpg,68
20455.jpg,0
20456.jpg,2
20457.jpg,544
20458.jpg,544
20459.jpg,0
20460.jpg,12
20461.jpg,532
20462.jpg,1143
20463.jpg,599
20464.jpg,147
20465.jpg,261
20466.jpg,3
20467.jpg,4
20468.jpg,115
20469.jpg,15
20470.jpg,2
20471.jpg,1
20472.jpg,155
20473.jpg,155
20474.jpg,0
20475.jpg,1
20476.jpg,154
20477.jpg,261
20478.jpg,106
20479.jpg,12
20480.jpg,2062
20481.jpg,43
20482.jpg,25
20483.jpg,617
20484.jpg,53
20485.jpg,2
20486.jpg,13
20487.jpg,924
20488.jpg,924
20489.jpg,0
20490.jpg,28
20491.jpg,896
20492.jpg,2120
20493.jpg,1196
20494.jpg,125
20495.jpg,272
20496.jpg,2
20497.jpg,4
20498.jpg,136
20499.jpg,14
20500.jpg,1
20501.jpg,6
20502.jpg,178
20503.jpg,178
20504.jpg,0
20505.jpg,8
20506.jpg,170
20507.jpg,275
20508.jpg,97
20509.jpg,8
20510.jpg,1412
20511.jpg,72
20512.jpg,21
20513.jpg,117
20514.jpg,44
20515.jpg,1
20516.jpg,2
20517.jpg,644
20518.jpg,644
20519.jpg,0
20520.jpg,25
20521.jpg,619
20522.jpg,1413
20523.jpg,769
20524.jpg,341
20525.jpg,772
20526.jpg,3
20527.jpg,34
20528.jpg,256
20529.jpg,27
20530.jpg,0
20531.jpg,1
20532.jpg,442
20533.jpg,442
20534.jpg,0
20535.jpg,12
20536.jpg,430
20537.jpg,771
20538.jpg,329
20539.jpg,99
20540.jpg,1904
20541.jpg,101
20542.jpg,48
20543.jpg,284
20544.jpg,50
20545.jpg,8
20546.jpg,4
20547.jpg,875
20548.jpg,875
20549.jpg,0
20550.jpg,12
20551.jpg,863
20552.jpg,1904
20553.jpg,1029
20554.jpg,322
20555.jpg,2465
20556.jpg,126
20557.jpg,23
20558.jpg,200
20559.jpg,60
20560.jpg,4
20561.jpg,18
20562.jpg,971
20563.jpg,971
20564.jpg,0
20565.jpg,33
20566.jpg,938
20567.jpg,2468
20568.jpg,1497
20569.jpg,499
20570.jpg,2080
20571.jpg,12
20572.jpg,48
20573.jpg,686
20574.jpg,20
20575.jpg,0
20576.jpg,11
20577.jpg,1210
20578.jpg,1210
20579.jpg,0
20580.jpg,44
20581.jpg,1166
20582.jpg,2173
20583.jpg,963
20584.jpg,354
20585.jpg,1608
20586.jpg,98
20587.jpg,34
20588.jpg,389
20589.jpg,54
20590.jpg,5
20591.jpg,3
20592.jpg,885
20593.jpg,885
20594.jpg,0
20595.jpg,37
20596.jpg,848
20597.jpg,1627
20598.jpg,742
20599.jpg,238
20600.jpg,2348
20601.jpg,64
20602.jpg,53
20603.jpg,688
20604.jpg,49
20605.jpg,8
20606.jpg,382
20607.jpg,1316
20608.jpg,1316
20609.jpg,0
20610.jpg,35
20611.jpg,1281
20612.jpg,2459
20613.jpg,1143
20614.jpg,371
20615.jpg,0
20616.jpg,1078
20617.jpg,1078
20618.jpg,1079
20619.jpg,46
20620.jpg,30
20621.jpg,387
20622.jpg,33
20623.jpg,0
20624.jpg,70
20625.jpg,582
20626.jpg,30
20627.jpg,33
20628.jpg,387
20629.jpg,582
20630.jpg,46
20631.jpg,497
20632.jpg,0
20633.jpg,54
20634.jpg,576
20635.jpg,582
20636.jpg,6
20637.jpg,6
20638.jpg,576
20639.jpg,70
20640.jpg,1079
20641.jpg,497
20642.jpg,54
20643.jpg,0
20644.jpg,1083
20645.jpg,1083
20646.jpg,1090
20647.jpg,4
20648.jpg,41
20649.jpg,628
20650.jpg,18
20651.jpg,0
20652.jpg,18
20653.jpg,3
20654.jpg,2
20655.jpg,22
20656.jpg,772
20657.jpg,3
20658.jpg,318
20659.jpg,770
20660.jpg,4
20661.jpg,41
20662.jpg,45
20663.jpg,2
20664.jpg,22
20665.jpg,628
20666.jpg,748
20667.jpg,748
20668.jpg,770
20669.jpg,772
20670.jpg,1090
20671.jpg,318
20672.jpg,45
20673.jpg,0
20674.jpg,1594
20675.jpg,1
20676.jpg,6
20677.jpg,117
20678.jpg,18
20679.jpg,616
20680.jpg,13
20681.jpg,23
20682.jpg,1
20683.jpg,1594
20684.jpg,1602
20685.jpg,18
20686.jpg,4
20687.jpg,23
20688.jpg,805
20689.jpg,805
20690.jpg,4
20691.jpg,0
20692.jpg,13
20693.jpg,6
20694.jpg,616
20695.jpg,792
20696.jpg,792
20697.jpg,797
20698.jpg,1602
20699.jpg,805
20700.jpg,797
20701.jpg,117
20702.jpg,0
20703.jpg,591
20704.jpg,1
20705.jpg,1
20706.jpg,2
20707.jpg,297
20708.jpg,6
20709.jpg,0
20710.jpg,6
20711.jpg,2
20712.jpg,21
20713.jpg,255
20714.jpg,297
20715.jpg,340
20716.jpg,334
20717.jpg,340
20718.jpg,340
20719.jpg,0
20720.jpg,591
20721.jpg,595
20722.jpg,6
20723.jpg,6
20724.jpg,334
20725.jpg,595
20726.jpg,255
20727.jpg,21
20728.jpg,0
20729.jpg,2620
20730.jpg,185
20731.jpg,55
20732.jpg,1275
20733.jpg,597
20734.jpg,1323
20735.jpg,1325
20736.jpg,154
20737.jpg,5
20738.jpg,154
20739.jpg,185
20740.jpg,41
20741.jpg,200
20742.jpg,2620
20743.jpg,2648
20744.jpg,1323
20745.jpg,1323
20746.jpg,41
20747.jpg,48
20748.jpg,0
20749.jpg,5
20750.jpg,55
20751.jpg,597
20752.jpg,48
20753.jpg,1275
20754.jpg,2648
20755.jpg,1325
20756.jpg,200
20757.jpg,0
20758.jpg,1970
20759.jpg,1000
20760.jpg,80
20761.jpg,30
20762.jpg,586
20763.jpg,131
20764.jpg,64
20765.jpg,4
20766.jpg,1970
20767.jpg,1972
20768.jpg,51
20769.jpg,26
20770.jpg,972
20771.jpg,30
20772.jpg,972
20773.jpg,4
20774.jpg,0
20775.jpg,51
20776.jpg,586
20777.jpg,26
20778.jpg,64
20779.jpg,946
20780.jpg,1972
20781.jpg,80
20782.jpg,1000
20783.jpg,946
20784.jpg,972
20785.jpg,131
20786.jpg,0
20787.jpg,1634
20788.jpg,1073
20789.jpg,5
20790.jpg,13
20791.jpg,426
20792.jpg,13
20793.jpg,18
20794.jpg,0
20795.jpg,1634
20796.jpg,1635
20797.jpg,18
20798.jpg,30
20799.jpg,28
20800.jpg,562
20801.jpg,30
20802.jpg,562
20803.jpg,426
20804.jpg,0
20805.jpg,5
20806.jpg,534
20807.jpg,562
20808.jpg,28
20809.jpg,63
20810.jpg,534
20811.jpg,1635
20812.jpg,1073
20813.jpg,63
20814.jpg,0
20815.jpg,2090
20816.jpg,13
20817.jpg,27
20818.jpg,481
20819.jpg,13
20820.jpg,131
20821.jpg,1380
20822.jpg,23
20823.jpg,2
20824.jpg,34
20825.jpg,2
20826.jpg,2090
20827.jpg,2096
20828.jpg,21
20829.jpg,23
20830.jpg,27
20831.jpg,716
20832.jpg,34
20833.jpg,716
20834.jpg,481
20835.jpg,0
20836.jpg,21
20837.jpg,695
20838.jpg,695
20839.jpg,716
20840.jpg,2096
20841.jpg,1380
20842.jpg,131
20843.jpg,0
20844.jpg,1779
20845.jpg,1021
20846.jpg,16
20847.jpg,110
20848.jpg,28
20849.jpg,537
20850.jpg,22
20851.jpg,0
20852.jpg,16
20853.jpg,1779
20854.jpg,1785
20855.jpg,32
20856.jpg,22
20857.jpg,28
20858.jpg,764
20859.jpg,32
20860.jpg,764
20861.jpg,0
20862.jpg,537
20863.jpg,32
20864.jpg,732
20865.jpg,732
20866.jpg,764
20867.jpg,1785
20868.jpg,1021
20869.jpg,110
20870.jpg,0
20871.jpg,1031
20872.jpg,1031
20873.jpg,1035
20874.jpg,9
20875.jpg,9
20876.jpg,283
20877.jpg,55
20878.jpg,0
20879.jpg,15
20880.jpg,27
20881.jpg,27
20882.jpg,283
20883.jpg,460
20884.jpg,460
20885.jpg,445
20886.jpg,460
20887.jpg,0
20888.jpg,55
20889.jpg,575
20890.jpg,15
20891.jpg,445
20892.jpg,78
20893.jpg,1035
20894.jpg,575
20895.jpg,9
20896.jpg,78
20897.jpg,0
20898.jpg,1109
20899.jpg,34
20900.jpg,1107
20901.jpg,1109
20902.jpg,28
20903.jpg,299
20904.jpg,47
20905.jpg,2
20906.jpg,181
20907.jpg,5
20908.jpg,2
20909.jpg,24
20910.jpg,28
20911.jpg,299
20912.jpg,637
20913.jpg,34
20914.jpg,637
20915.jpg,47
20916.jpg,470
20917.jpg,0
20918.jpg,5
20919.jpg,24
20920.jpg,613
20921.jpg,637
20922.jpg,613
20923.jpg,1107
20924.jpg,470
20925.jpg,181
20926.jpg,0
20927.jpg,561
20928.jpg,3
20929.jpg,12
20930.jpg,12
20931.jpg,266
20932.jpg,31
20933.jpg,0
20934.jpg,4
20935.jpg,223
20936.jpg,266
20937.jpg,342
20938.jpg,3
20939.jpg,31
20940.jpg,335
20941.jpg,342
20942.jpg,342
20943.jpg,4
20944.jpg,0
20945.jpg,561
20946.jpg,565
20947.jpg,7
20948.jpg,335
20949.jpg,7
20950.jpg,565
20951.jpg,223
20952.jpg,9
20953.jpg,9
20954.jpg,0
20955.jpg,432
20956.jpg,10
20957.jpg,21
20958.jpg,10
20959.jpg,146
20960.jpg,37
20961.jpg,146
20962.jpg,0
20963.jpg,162
20964.jpg,4
20965.jpg,21
20966.jpg,266
20967.jpg,271
20968.jpg,271
20969.jpg,37
20970.jpg,271
20971.jpg,4
20972.jpg,43
20973.jpg,432
20974.jpg,433
20975.jpg,0
20976.jpg,5
20977.jpg,5
20978.jpg,266
20979.jpg,433
20980.jpg,162
20981.jpg,43
20982.jpg,0
20983.jpg,939
20984.jpg,7
20985.jpg,25
20986.jpg,339
20987.jpg,57
20988.jpg,2
20989.jpg,6
20990.jpg,2
20991.jpg,25
20992.jpg,562
20993.jpg,339
20994.jpg,562
20995.jpg,45
20996.jpg,495
20997.jpg,0
20998.jpg,562
20999.jpg,57
21000.jpg,67
21001.jpg,6
21002.jpg,67
21003.jpg,495
21004.jpg,7
21005.jpg,562
21006.jpg,0
21007.jpg,939
21008.jpg,45
21009.jpg,0
21010.jpg,1763
21011.jpg,101
21012.jpg,42
21013.jpg,25
21014.jpg,588
21015.jpg,101
21016.jpg,14
21017.jpg,2
21018.jpg,1763
21019.jpg,1779
21020.jpg,44
21021.jpg,2
21022.jpg,25
21023.jpg,898
21024.jpg,898
21025.jpg,42
21026.jpg,44
21027.jpg,0
21028.jpg,588
21029.jpg,14
21030.jpg,884
21031.jpg,1779
21032.jpg,84
21033.jpg,881
21034.jpg,884
21035.jpg,898
21036.jpg,881
21037.jpg,84
21038.jpg,0
21039.jpg,1872
21040.jpg,1040
21041.jpg,1061
21042.jpg,56
21043.jpg,118
21044.jpg,79
21045.jpg,588
21046.jpg,118
21047.jpg,5
21048.jpg,167
21049.jpg,1872
21050.jpg,1876
21051.jpg,4
21052.jpg,21
21053.jpg,1061
21054.jpg,1061
21055.jpg,4
21056.jpg,0
21057.jpg,5
21058.jpg,56
21059.jpg,588
21060.jpg,21
21061.jpg,1040
21062.jpg,79
21063.jpg,1876
21064.jpg,815
21065.jpg,815
21066.jpg,167
21067.jpg,0
21068.jpg,613
21069.jpg,1
21070.jpg,30
21071.jpg,24
21072.jpg,170
21073.jpg,47
21074.jpg,1
21075.jpg,170
21076.jpg,5
21077.jpg,24
21078.jpg,253
21079.jpg,370
21080.jpg,30
21081.jpg,362
21082.jpg,370
21083.jpg,370
21084.jpg,47
21085.jpg,0
21086.jpg,5
21087.jpg,8
21088.jpg,613
21089.jpg,623
21090.jpg,362
21091.jpg,623
21092.jpg,8
21093.jpg,80
21094.jpg,253
21095.jpg,80
21096.jpg,0
21097.jpg,1308
21098.jpg,2
21099.jpg,26
21100.jpg,703
21101.jpg,1308
21102.jpg,1374
21103.jpg,8
21104.jpg,0
21105.jpg,20
21106.jpg,2
21107.jpg,20
21108.jpg,26
21109.jpg,28
21110.jpg,787
21111.jpg,787
21112.jpg,0
21113.jpg,587
21114.jpg,7
21115.jpg,780
21116.jpg,7
21117.jpg,703
21118.jpg,780
21119.jpg,787
21120.jpg,1374
21121.jpg,8
21122.jpg,587
21123.jpg,28
21124.jpg,0
21125.jpg,407
21126.jpg,2
21127.jpg,11
21128.jpg,11
21129.jpg,229
21130.jpg,2
21131.jpg,141
21132.jpg,0
21133.jpg,6
21134.jpg,2
21135.jpg,229
21136.jpg,257
21137.jpg,264
21138.jpg,264
21139.jpg,264
21140.jpg,405
21141.jpg,407
21142.jpg,0
21143.jpg,7
21144.jpg,6
21145.jpg,257
21146.jpg,7
21147.jpg,405
21148.jpg,141
21149.jpg,7
21150.jpg,0
21151.jpg,1502
21152.jpg,120
21153.jpg,30
21154.jpg,120
21155.jpg,159
21156.jpg,29
21157.jpg,3
21158.jpg,1502
21159.jpg,159
21160.jpg,5
21161.jpg,20
21162.jpg,29
21163.jpg,747
21164.jpg,3
21165.jpg,30
21166.jpg,357
21167.jpg,747
21168.jpg,0
21169.jpg,5
21170.jpg,20
21171.jpg,727
21172.jpg,727
21173.jpg,747
21174.jpg,755
21175.jpg,1502
21176.jpg,755
21177.jpg,357
21178.jpg,0
21179.jpg,872
21180.jpg,107
21181.jpg,66
21182.jpg,20
21183.jpg,107
21184.jpg,29
21185.jpg,14
21186.jpg,5
21187.jpg,18
21188.jpg,18
21189.jpg,20
21190.jpg,29
21191.jpg,555
21192.jpg,305
21193.jpg,317
21194.jpg,555
21195.jpg,0
21196.jpg,5
21197.jpg,541
21198.jpg,555
21199.jpg,14
21200.jpg,66
21201.jpg,541
21202.jpg,872
21203.jpg,872
21204.jpg,317
21205.jpg,305
21206.jpg,0
21207.jpg,1888
21208.jpg,1013
21209.jpg,90
21210.jpg,46
21211.jpg,363
21212.jpg,73
21213.jpg,2
21214.jpg,1888
21215.jpg,19
21216.jpg,4
21217.jpg,2
21218.jpg,242
21219.jpg,875
21220.jpg,363
21221.jpg,875
21222.jpg,4
21223.jpg,46
21224.jpg,0
21225.jpg,19
21226.jpg,856
21227.jpg,73
21228.jpg,1888
21229.jpg,856
21230.jpg,875
21231.jpg,1013
21232.jpg,90
21233.jpg,242
21234.jpg,0
21235.jpg,1129
21236.jpg,117
21237.jpg,11
21238.jpg,1129
21239.jpg,1134
21240.jpg,117
21241.jpg,13
21242.jpg,178
21243.jpg,13
21244.jpg,55
21245.jpg,5
21246.jpg,178
21247.jpg,8
21248.jpg,231
21249.jpg,630
21250.jpg,630
21251.jpg,0
21252.jpg,5
21253.jpg,504
21254.jpg,55
21255.jpg,11
21256.jpg,619
21257.jpg,630
21258.jpg,619
21259.jpg,1134
21260.jpg,8
21261.jpg,504
21262.jpg,231
21263.jpg,0
21264.jpg,1312
21265.jpg,146
21266.jpg,40
21267.jpg,188
21268.jpg,1312
21269.jpg,1345
21270.jpg,50
21271.jpg,146
21272.jpg,0
21273.jpg,188
21274.jpg,7
21275.jpg,273
21276.jpg,758
21277.jpg,31
21278.jpg,758
21279.jpg,40
21280.jpg,0
21281.jpg,50
21282.jpg,587
21283.jpg,31
21284.jpg,727
21285.jpg,7
21286.jpg,727
21287.jpg,758
21288.jpg,1345
21289.jpg,587
21290.jpg,273
21291.jpg,0
21292.jpg,1243
21293.jpg,78
21294.jpg,11
21295.jpg,31
21296.jpg,1243
21297.jpg,1254
21298.jpg,300
21299.jpg,48
21300.jpg,0
21301.jpg,162
21302.jpg,8
21303.jpg,662
21304.jpg,300
21305.jpg,31
21306.jpg,662
21307.jpg,48
21308.jpg,0
21309.jpg,592
21310.jpg,11
21311.jpg,651
21312.jpg,662
21313.jpg,651
21314.jpg,78
21315.jpg,1254
21316.jpg,8
21317.jpg,592
21318.jpg,162
21319.jpg,0
21320.jpg,1544
21321.jpg,48
21322.jpg,32
21323.jpg,477
21324.jpg,13
21325.jpg,90
21326.jpg,3
21327.jpg,1544
21328.jpg,1572
21329.jpg,18
21330.jpg,18
21331.jpg,780
21332.jpg,3
21333.jpg,32
21334.jpg,780
21335.jpg,477
21336.jpg,48
21337.jpg,0
21338.jpg,13
21339.jpg,767
21340.jpg,767
21341.jpg,780
21342.jpg,792
21343.jpg,1572
21344.jpg,792
21345.jpg,90
21346.jpg,93
21347.jpg,93
21348.jpg,0
21349.jpg,473
21350.jpg,2
21351.jpg,32
21352.jpg,183
21353.jpg,22
21354.jpg,0
21355.jpg,183
21356.jpg,5
21357.jpg,2
21358.jpg,20
21359.jpg,205
21360.jpg,22
21361.jpg,265
21362.jpg,268
21363.jpg,268
21364.jpg,3
21365.jpg,32
21366.jpg,268
21367.jpg,473
21368.jpg,0
21369.jpg,5
21370.jpg,3
21371.jpg,265
21372.jpg,473
21373.jpg,205
21374.jpg,20
21375.jpg,0
21376.jpg,1033
21377.jpg,1033
21378.jpg,1038
21379.jpg,45
21380.jpg,26
21381.jpg,230
21382.jpg,43
21383.jpg,3
21384.jpg,6
21385.jpg,230
21386.jpg,26
21387.jpg,266
21388.jpg,634
21389.jpg,3
21390.jpg,634
21391.jpg,404
21392.jpg,43
21393.jpg,45
21394.jpg,0
21395.jpg,7
21396.jpg,6
21397.jpg,627
21398.jpg,634
21399.jpg,627
21400.jpg,7
21401.jpg,1038
21402.jpg,404
21403.jpg,266
21404.jpg,0
21405.jpg,646
21406.jpg,1
21407.jpg,105
21408.jpg,41
21409.jpg,19
21410.jpg,141
21411.jpg,37
21412.jpg,141
21413.jpg,1
21414.jpg,19
21415.jpg,5
21416.jpg,359
21417.jpg,305
21418.jpg,352
21419.jpg,359
21420.jpg,37
21421.jpg,359
21422.jpg,41
21423.jpg,0
21424.jpg,5
21425.jpg,7
21426.jpg,646
21427.jpg,664
21428.jpg,352
21429.jpg,7
21430.jpg,664
21431.jpg,305
21432.jpg,105
21433.jpg,0
21434.jpg,516
21435.jpg,1
21436.jpg,101
21437.jpg,32
21438.jpg,6
21439.jpg,101
21440.jpg,62
21441.jpg,1
21442.jpg,9
21443.jpg,232
21444.jpg,296
21445.jpg,301
21446.jpg,301
21447.jpg,32
21448.jpg,301
21449.jpg,0
21450.jpg,5
21451.jpg,516
21452.jpg,533
21453.jpg,5
21454.jpg,6
21455.jpg,62
21456.jpg,296
21457.jpg,533
21458.jpg,82
21459.jpg,232
21460.jpg,9
21461.jpg,82
21462.jpg,0
21463.jpg,546
21464.jpg,1
21465.jpg,37
21466.jpg,17
21467.jpg,98
21468.jpg,50
21469.jpg,1
21470.jpg,17
21471.jpg,9
21472.jpg,254
21473.jpg,295
21474.jpg,302
21475.jpg,302
21476.jpg,37
21477.jpg,302
21478.jpg,0
21479.jpg,50
21480.jpg,546
21481.jpg,556
21482.jpg,7
21483.jpg,295
21484.jpg,7
21485.jpg,73
21486.jpg,556
21487.jpg,254
21488.jpg,9
21489.jpg,98
21490.jpg,73
21491.jpg,0
21492.jpg,630
21493.jpg,107
21494.jpg,26
21495.jpg,43
21496.jpg,107
21497.jpg,139
21498.jpg,66
21499.jpg,2
21500.jpg,6
21501.jpg,2
21502.jpg,225
21503.jpg,26
21504.jpg,405
21505.jpg,398
21506.jpg,405
21507.jpg,405
21508.jpg,43
21509.jpg,0
21510.jpg,7
21511.jpg,6
21512.jpg,630
21513.jpg,66
21514.jpg,398
21515.jpg,7
21516.jpg,630
21517.jpg,225
21518.jpg,139
21519.jpg,0
21520.jpg,754
21521.jpg,61
21522.jpg,38
21523.jpg,170
21524.jpg,33
21525.jpg,4
21526.jpg,170
21527.jpg,5
21528.jpg,399
21529.jpg,33
21530.jpg,362
21531.jpg,38
21532.jpg,390
21533.jpg,399
21534.jpg,399
21535.jpg,4
21536.jpg,0
21537.jpg,5
21538.jpg,9
21539.jpg,61
21540.jpg,69
21541.jpg,390
21542.jpg,754
21543.jpg,761
21544.jpg,761
21545.jpg,362
21546.jpg,9
21547.jpg,69
21548.jpg,0
21549.jpg,657
21550.jpg,1
21551.jpg,101
21552.jpg,56
21553.jpg,73
21554.jpg,101
21555.jpg,54
21556.jpg,6
21557.jpg,1
21558.jpg,295
21559.jpg,364
21560.jpg,357
21561.jpg,364
21562.jpg,364
21563.jpg,0
21564.jpg,54
21565.jpg,56
21566.jpg,7
21567.jpg,6
21568.jpg,657
21569.jpg,659
21570.jpg,357
21571.jpg,7
21572.jpg,73
21573.jpg,659
21574.jpg,295
21575.jpg,54
21576.jpg,0
21577.jpg,2176
21578.jpg,1046
21579.jpg,126
21580.jpg,1104
21581.jpg,1127
21582.jpg,56
21583.jpg,126
21584.jpg,480
21585.jpg,86
21586.jpg,2
21587.jpg,7
21588.jpg,2
21589.jpg,2173
21590.jpg,2176
21591.jpg,23
21592.jpg,292
21593.jpg,1127
21594.jpg,1127
21595.jpg,480
21596.jpg,0
21597.jpg,56
21598.jpg,23
21599.jpg,1104
21600.jpg,7
21601.jpg,2173
21602.jpg,86
21603.jpg,1046
21604.jpg,292
21605.jpg,0
21606.jpg,535
21607.jpg,1
21608.jpg,45
21609.jpg,5
21610.jpg,12
21611.jpg,144
21612.jpg,32
21613.jpg,144
21614.jpg,1
21615.jpg,7
21616.jpg,229
21617.jpg,294
21618.jpg,306
21619.jpg,306
21620.jpg,32
21621.jpg,306
21622.jpg,45
21623.jpg,0
21624.jpg,5
21625.jpg,51
21626.jpg,535
21627.jpg,12
21628.jpg,294
21629.jpg,7
21630.jpg,535
21631.jpg,229
21632.jpg,51
21633.jpg,2020
21634.jpg,1
21635.jpg,1083
21636.jpg,98
21637.jpg,26
21638.jpg,543
21639.jpg,60
21640.jpg,146
21641.jpg,1
21642.jpg,16
21643.jpg,27
21644.jpg,2000
21645.jpg,2020
21646.jpg,26
21647.jpg,27
21648.jpg,917
21649.jpg,916
21650.jpg,1
21651.jpg,543
21652.jpg,16
21653.jpg,60
21654.jpg,900
21655.jpg,2000
21656.jpg,1083
21657.jpg,900
21658.jpg,916
21659.jpg,917
21660.jpg,98
21661.jpg,146
21662.jpg,0
21663.jpg,807
21664.jpg,10
21665.jpg,68
21666.jpg,22
21667.jpg,162
21668.jpg,26
21669.jpg,0
21670.jpg,162
21671.jpg,5
21672.jpg,22
21673.jpg,246
21674.jpg,26
21675.jpg,285
21676.jpg,583
21677.jpg,583
21678.jpg,0
21679.jpg,5
21680.jpg,573
21681.jpg,583
21682.jpg,10
21683.jpg,68
21684.jpg,573
21685.jpg,829
21686.jpg,807
21687.jpg,829
21688.jpg,246
21689.jpg,285
21690.jpg,0
21691.jpg,1038
21692.jpg,1
21693.jpg,100
21694.jpg,1038
21695.jpg,1057
21696.jpg,41
21697.jpg,41
21698.jpg,195
21699.jpg,100
21700.jpg,3
21701.jpg,16
21702.jpg,195
21703.jpg,1
21704.jpg,269
21705.jpg,679
21706.jpg,3
21707.jpg,378
21708.jpg,679
21709.jpg,41
21710.jpg,0
21711.jpg,16
21712.jpg,663
21713.jpg,679
21714.jpg,663
21715.jpg,1057
21716.jpg,378
21717.jpg,269
21718.jpg,0
21719.jpg,1295
21720.jpg,2
21721.jpg,24
21722.jpg,12
21723.jpg,1295
21724.jpg,676
21725.jpg,1300
21726.jpg,35
21727.jpg,0
21728.jpg,7
21729.jpg,2
21730.jpg,24
21731.jpg,863
21732.jpg,35
21733.jpg,37
21734.jpg,863
21735.jpg,437
21736.jpg,0
21737.jpg,12
21738.jpg,676
21739.jpg,851
21740.jpg,7
21741.jpg,1300
21742.jpg,851
21743.jpg,863
21744.jpg,437
21745.jpg,37
21746.jpg,0
21747.jpg,618
21748.jpg,3
21749.jpg,20
21750.jpg,253
21751.jpg,37
21752.jpg,2
21753.jpg,6
21754.jpg,2
21755.jpg,20
21756.jpg,246
21757.jpg,253
21758.jpg,377
21759.jpg,3
21760.jpg,37
21761.jpg,370
21762.jpg,377
21763.jpg,377
21764.jpg,47
21765.jpg,0
21766.jpg,7
21767.jpg,6
21768.jpg,618
21769.jpg,623
21770.jpg,370
21771.jpg,7
21772.jpg,623
21773.jpg,246
21774.jpg,47
21775.jpg,0
21776.jpg,2400
21777.jpg,79
21778.jpg,1129
21779.jpg,80
21780.jpg,1241
21781.jpg,125
21782.jpg,1271
21783.jpg,548
21784.jpg,125
21785.jpg,5
21786.jpg,8
21787.jpg,2400
21788.jpg,287
21789.jpg,1271
21790.jpg,30
21791.jpg,1271
21792.jpg,0
21793.jpg,5
21794.jpg,548
21795.jpg,30
21796.jpg,1241
21797.jpg,79
21798.jpg,2400
21799.jpg,8
21800.jpg,80
21801.jpg,1129
21802.jpg,287
21803.jpg,0
21804.jpg,92
21805.jpg,3
21806.jpg,2
21807.jpg,28
21808.jpg,13
21809.jpg,2
21810.jpg,0
21811.jpg,16
21812.jpg,16
21813.jpg,2
21814.jpg,28
21815.jpg,80
21816.jpg,3
21817.jpg,80
21818.jpg,0
21819.jpg,5
21820.jpg,5
21821.jpg,75
21822.jpg,75
21823.jpg,93
21824.jpg,80
21825.jpg,13
21826.jpg,92
21827.jpg,93
21828.jpg,28
21829.jpg,0
21830.jpg,481
21831.jpg,31
21832.jpg,19
21833.jpg,80
21834.jpg,49
21835.jpg,4
21836.jpg,189
21837.jpg,19
21838.jpg,2
21839.jpg,2
21840.jpg,282
21841.jpg,289
21842.jpg,289
21843.jpg,31
21844.jpg,289
21845.jpg,4
21846.jpg,478
21847.jpg,481
21848.jpg,49
21849.jpg,0
21850.jpg,7
21851.jpg,282
21852.jpg,7
21853.jpg,78
21854.jpg,478
21855.jpg,80
21856.jpg,189
21857.jpg,78
21858.jpg,0
21859.jpg,1088
21860.jpg,1
21861.jpg,1088
21862.jpg,1096
21863.jpg,91
21864.jpg,39
21865.jpg,121
21866.jpg,121
21867.jpg,46
21868.jpg,1
21869.jpg,7
21870.jpg,289
21871.jpg,621
21872.jpg,39
21873.jpg,621
21874.jpg,46
21875.jpg,475
21876.jpg,0
21877.jpg,8
21878.jpg,613
21879.jpg,621
21880.jpg,613
21881.jpg,7
21882.jpg,1096
21883.jpg,8
21884.jpg,475
21885.jpg,91
21886.jpg,289
21887.jpg,0
21888.jpg,858
21889.jpg,0
21890.jpg,11
21891.jpg,17
21892.jpg,648
21893.jpg,4
21894.jpg,0
21895.jpg,154
21896.jpg,17
21897.jpg,7
21898.jpg,708
21899.jpg,708
21900.jpg,4
21901.jpg,0
21902.jpg,11
21903.jpg,648
21904.jpg,697
21905.jpg,697
21906.jpg,7
21907.jpg,708
21908.jpg,862
21909.jpg,858
21910.jpg,862
21911.jpg,154
21912.jpg,9
21913.jpg,9
21914.jpg,0
21915.jpg,760
21916.jpg,1
21917.jpg,44
21918.jpg,11
21919.jpg,114
21920.jpg,21
21921.jpg,114
21922.jpg,54
21923.jpg,1
21924.jpg,166
21925.jpg,4
21926.jpg,21
21927.jpg,444
21928.jpg,326
21929.jpg,444
21930.jpg,4
21931.jpg,433
21932.jpg,44
21933.jpg,444
21934.jpg,0
21935.jpg,54
21936.jpg,11
21937.jpg,433
21938.jpg,760
21939.jpg,770
21940.jpg,770
21941.jpg,326
21942.jpg,166
21943.jpg,2964
21944.jpg,1
21945.jpg,183
21946.jpg,42
21947.jpg,680
21948.jpg,1332
21949.jpg,1357
21950.jpg,1358
21951.jpg,92
21952.jpg,2
21953.jpg,1636
21954.jpg,183
21955.jpg,40
21956.jpg,2
21957.jpg,247
21958.jpg,25
21959.jpg,2964
21960.jpg,2994
21961.jpg,1358
21962.jpg,1357
21963.jpg,40
21964.jpg,42
21965.jpg,1
21966.jpg,25
21967.jpg,680
21968.jpg,1332
21969.jpg,2994
21970.jpg,1636
21971.jpg,92
21972.jpg,247
21973.jpg,0
21974.jpg,1349
21975.jpg,75
21976.jpg,53
21977.jpg,314
21978.jpg,13
21979.jpg,1349
21980.jpg,1359
21981.jpg,13
21982.jpg,2
21983.jpg,19
21984.jpg,6
21985.jpg,2
21986.jpg,815
21987.jpg,308
21988.jpg,314
21989.jpg,815
21990.jpg,0
21991.jpg,53
21992.jpg,544
21993.jpg,19
21994.jpg,6
21995.jpg,796
21996.jpg,75
21997.jpg,796
21998.jpg,1359
21999.jpg,815
