Id,Expected
22000.jpg,9
22001.jpg,9
22002.jpg,9
22003.jpg,9
22004.jpg,9
22005.jpg,9
22006.jpg,9
22007.jpg,9
22008.jpg,9
22009.jpg,9
22010.jpg,9
22011.jpg,9
22012.jpg,9
22013.jpg,9
22014.jpg,9
22015.jpg,9
22016.jpg,9
22017.jpg,9
22018.jpg,9
22019.jpg,9
22020.jpg,9
22021.jpg,9
22022.jpg,9
22023.jpg,9
22024.jpg,9
22025.jpg,9
22026.jpg,9
22027.jpg,9
22028.jpg,9
22029.jpg,9
22030.jpg,9
22031.jpg,9
22032.jpg,9
22033.jpg,9
22034.jpg,9
22035.jpg,9
22036.jpg,9
22037.jpg,9
22038.jpg,9
22039.jpg,9
22040.jpg,9
22041.jpg,9
22042.jpg,9
22043.jpg,9
22044.jpg,9
22045.jpg,9
22046.jpg,9
22047.jpg,9
22048.jpg,9
22049.jpg,9
22050.jpg,9
22051.jpg,9
22052.jpg,9
22053.jpg,9
22054.jpg,9
22055.jpg,9
22056.jpg,9
22057.jpg,9
22058.jpg,9
22059.jpg,9
22060.jpg,9
22061.jpg,9
22062.jpg,9
22063.jpg,9
22064.jpg,9
22065.jpg,9
22066.jpg,9
22067.jpg,9
22068.jpg,9
22069.jpg,9
22070.jpg,9
22071.jpg,9
22072.jpg,9
22073.jpg,9
22074.jpg,9
22075.jpg,9
22076.jpg,9
22077.jpg,9
22078.jpg,9
22079.jpg,9
22080.jpg,9
22081.jpg,9
22082.jpg,9
22083.jpg,9
22084.jpg,9
22085.jpg,9
22086.jpg,9
22087.jpg,9
22088.jpg,9
22089.jpg,9
22090.jpg,9
22091.jpg,9
22092.jpg,9
22093.jpg,9
22094.jpg,9
22095.jpg,9
22096.jpg,9
22097.jpg,9
22098.jpg,9
22099.jpg,9
22100.jpg,9
22101.jpg,9
22102.jpg,9
22103.jpg,9
22104.jpg,9
22105.jpg,9
22106.jpg,9
22107.jpg,9
22108.jpg,9
22109.jpg,9
22110.jpg,9
22111.jpg,9
22112.jpg,9
22113.jpg,9
22114.jpg,9
22115.jpg,9
22116.jpg,9
22117.jpg,9
22118.jpg,9
22119.jpg,9
22120.jpg,9
22121.jpg,9
22122.jpg,9
22123.jpg,9
22124.jpg,9
22125.jpg,9
22126.jpg,9
22127.jpg,9
22128.jpg,9
22129.jpg,9
22130.jpg,9
22131.jpg,9
22132.jpg,9
22133.jpg,9
22134.jpg,9
22135.jpg,9
22136.jpg,9
22137.jpg,9
22138.jpg,9
22139.jpg,9
22140.jpg,9
22141.jpg,9
22142.jpg,9
22143.jpg,9
22144.jpg,9
22145.jpg,9
22146.jpg,9
22147.jpg,9
22148.jpg,9
22149.jpg,9
22150.jpg,9
22151.jpg,9
22152.jpg,9
22153.jpg,9
22154.jpg,9
22155.jpg,9
22156.jpg,9
22157.jpg,9
22158.jpg,9
22159.jpg,9
22160.jpg,9
22161.jpg,9
22162.jpg,9
22163.jpg,9
22164.jpg,9
22165.jpg,9
22166.jpg,9
22167.jpg,9
22168.jpg,9
22169.jpg,9
22170.jpg,9
22171.jpg,9
22172.jpg,9
22173.jpg,9
22174.jpg,9
22175.jpg,9
22176.jpg,9
22177.jpg,9
22178.jpg,9
22179.jpg,9
22180.jpg,9
22181.jpg,9
22182.jpg,9
22183.jpg,9
22184.jpg,9
22185.jpg,9
22186.jpg,9
22187.jpg,9
22188.jpg,9
22189.jpg,9
22190.jpg,9
22191.jpg,9
22192.jpg,9
22193.jpg,9
22194.jpg,9
22195.jpg,9
22196.jpg,9
22197.jpg,9
22198.jpg,9
22199.jpg,9
22200.jpg,9
22201.jpg,9
22202.jpg,9
22203.jpg,9
22204.jpg,9
22205.jpg,9
22206.jpg,9
22207.jpg,9
22208.jpg,9
22209.jpg,9
22210.jpg,9
22211.jpg,9
22212.jpg,9
22213.jpg,9
22214.jpg,9
22215.jpg,9
22216.jpg,9
22217.jpg,9
22218.jpg,9
22219.jpg,9
22220.jpg,9
22221.jpg,9
22222.jpg,9
22223.jpg,9
22224.jpg,9
22225.jpg,9
22226.jpg,9
22227.jpg,9
22228.jpg,9
22229.jpg,9
22230.jpg,9
22231.jpg,9
22232.jpg,9
22233.jpg,9
22234.jpg,9
22235.jpg,9
22236.jpg,9
22237.jpg,9
22238.jpg,9
22239.jpg,9
22240.jpg,9
22241.jpg,9
22242.jpg,9
22243.jpg,9
22244.jpg,9
22245.jpg,9
22246.jpg,9
22247.jpg,9
22248.jpg,9
22249.jpg,9
22250.jpg,9
22251.jpg,9
22252.jpg,9
22253.jpg,9
22254.jpg,9
22255.jpg,9
22256.jpg,9
22257.jpg,9
22258.jpg,9
22259.jpg,9
22260.jpg,9
22261.jpg,9
22262.jpg,9
22263.jpg,9
22264.jpg,9
22265.jpg,9
22266.jpg,9
22267.jpg,9
22268.jpg,9
22269.jpg,9
22270.jpg,9
22271.jpg,9
22272.jpg,9
22273.jpg,9
22274.jpg,9
22275.jpg,9
22276.jpg,9
22277.jpg,9
22278.jpg,9
22279.jpg,9
22280.jpg,9
22281.jpg,9
22282.jpg,9
22283.jpg,9
22284.jpg,9
22285.jpg,9
22286.jpg,9
22287.jpg,9
22288.jpg,9
22289.jpg,9
22290.jpg,9
22291.jpg,9
22292.jpg,9
22293.jpg,9
22294.jpg,9
22295.jpg,9
22296.jpg,9
22297.jpg,9
22298.jpg,9
22299.jpg,9
22300.jpg,9
22301.jpg,9
22302.jpg,9
22303.jpg,9
22304.jpg,9
22305.jpg,9
22306.jpg,9
22307.jpg,9
22308.jpg,9
22309.jpg,9
22310.jpg,9
22311.jpg,9
22312.jpg,9
22313.jpg,9
22314.jpg,9
22315.jpg,9
22316.jpg,9
22317.jpg,9
22318.jpg,9
22319.jpg,9
22320.jpg,9
22321.jpg,9
22322.jpg,9
22323.jpg,9
22324.jpg,9
22325.jpg,9
22326.jpg,9
22327.jpg,9
22328.jpg,9
22329.jpg,9
22330.jpg,9
22331.jpg,9
22332.jpg,9
22333.jpg,9
22334.jpg,9
22335.jpg,9
22336.jpg,9
22337.jpg,9
22338.jpg,9
22339.jpg,9
22340.jpg,9
22341.jpg,9
22342.jpg,9
22343.jpg,9
22344.jpg,9
22345.jpg,9
22346.jpg,9
22347.jpg,9
22348.jpg,9
22349.jpg,9
22350.jpg,9
22351.jpg,9
22352.jpg,9
22353.jpg,9
22354.jpg,9
22355.jpg,9
22356.jpg,9
22357.jpg,9
22358.jpg,9
22359.jpg,9
22360.jpg,9
22361.jpg,9
22362.jpg,9
22363.jpg,9
22364.jpg,9
22365.jpg,9
22366.jpg,9
22367.jpg,9
22368.jpg,9
22369.jpg,9
22370.jpg,9
22371.jpg,9
22372.jpg,9
22373.jpg,9
22374.jpg,9
22375.jpg,9
22376.jpg,9
22377.jpg,9
22378.jpg,9
22379.jpg,9
22380.jpg,9
22381.jpg,9
22382.jpg,9
22383.jpg,9
22384.jpg,9
22385.jpg,9
22386.jpg,9
22387.jpg,9
22388.jpg,9
22389.jpg,9
22390.jpg,9
22391.jpg,9
22392.jpg,9
22393.jpg,9
22394.jpg,9
22395.jpg,9
22396.jpg,9
22397.jpg,9
22398.jpg,9
22399.jpg,9
22400.jpg,9
22401.jpg,9
22402.jpg,9
22403.jpg,9
22404.jpg,9
22405.jpg,9
22406.jpg,9
22407.jpg,9
22408.jpg,9
22409.jpg,9
22410.jpg,9
22411.jpg,9
22412.jpg,9
22413.jpg,9
22414.jpg,9
22415.jpg,9
22416.jpg,9
22417.jpg,9
22418.jpg,9
22419.jpg,9
22420.jpg,9
22421.jpg,9
22422.jpg,9
22423.jpg,9
22424.jpg,9
22425.jpg,9
22426.jpg,9
22427.jpg,9
22428.jpg,9
22429.jpg,9
22430.jpg,9
22431.jpg,9
22432.jpg,9
22433.jpg,9
22434.jpg,9
22435.jpg,9
22436.jpg,9
22437.jpg,9
22438.jpg,9
22439.jpg,9
22440.jpg,9
22441.jpg,9
22442.jpg,9
22443.jpg,9
22444.jpg,9
22445.jpg,9
22446.jpg,9
22447.jpg,9
22448.jpg,9
22449.jpg,9
22450.jpg,9
22451.jpg,9
22452.jpg,9
22453.jpg,9
22454.jpg,9
22455.jpg,9
22456.jpg,9
22457.jpg,9
22458.jpg,9
22459.jpg,9
22460.jpg,9
22461.jpg,9
22462.jpg,9
22463.jpg,9
22464.jpg,9
22465.jpg,9
22466.jpg,9
22467.jpg,9
22468.jpg,9
22469.jpg,9
22470.jpg,9
22471.jpg,9
22472.jpg,9
22473.jpg,9
22474.jpg,9
22475.jpg,9
22476.jpg,9
22477.jpg,9
22478.jpg,9
22479.jpg,9
22480.jpg,9
22481.jpg,9
22482.jpg,9
22483.jpg,9
22484.jpg,9
22485.jpg,9
22486.jpg,9
22487.jpg,9
22488.jpg,9
22489.jpg,9
22490.jpg,9
22491.jpg,9
22492.jpg,9
22493.jpg,9
22494.jpg,9
22495.jpg,9
22496.jpg,9
22497.jpg,9
22498.jpg,9
22499.jpg,9
22500.jpg,9
22501.jpg,9
22502.jpg,9
22503.jpg,9
22504.jpg,9
22505.jpg,9
22506.jpg,9
22507.jpg,9
22508.jpg,9
22509.jpg,9
22510.jpg,9
22511.jpg,9
22512.jpg,9
22513.jpg,9
22514.jpg,9
22515.jpg,9
22516.jpg,9
22517.jpg,9
22518.jpg,9
22519.jpg,9
22520.jpg,9
22521.jpg,9
22522.jpg,9
22523.jpg,9
22524.jpg,9
22525.jpg,9
22526.jpg,9
22527.jpg,9
22528.jpg,9
22529.jpg,9
22530.jpg,9
22531.jpg,9
22532.jpg,9
22533.jpg,9
22534.jpg,9
22535.jpg,9
22536.jpg,9
22537.jpg,9
22538.jpg,9
22539.jpg,9
22540.jpg,9
22541.jpg,9
22542.jpg,9
22543.jpg,9
22544.jpg,9
22545.jpg,9
22546.jpg,9
22547.jpg,9
22548.jpg,9
22549.jpg,9
22550.jpg,9
22551.jpg,9
22552.jpg,9
22553.jpg,9
22554.jpg,9
22555.jpg,9
22556.jpg,9
22557.jpg,9
22558.jpg,9
22559.jpg,9
22560.jpg,9
22561.jpg,9
22562.jpg,9
22563.jpg,9
22564.jpg,9
22565.jpg,9
22566.jpg,9
22567.jpg,9
22568.jpg,9
22569.jpg,9
22570.jpg,9
22571.jpg,9
22572.jpg,9
22573.jpg,9
22574.jpg,9
22575.jpg,9
22576.jpg,9
22577.jpg,9
22578.jpg,9
22579.jpg,9
22580.jpg,9
22581.jpg,9
22582.jpg,9
22583.jpg,9
22584.jpg,9
22585.jpg,9
22586.jpg,9
22587.jpg,9
22588.jpg,9
22589.jpg,9
22590.jpg,9
22591.jpg,9
22592.jpg,9
22593.jpg,9
22594.jpg,9
22595.jpg,9
22596.jpg,9
22597.jpg,9
22598.jpg,9
22599.jpg,9
22600.jpg,9
22601.jpg,9
22602.jpg,9
22603.jpg,9
22604.jpg,9
22605.jpg,9
22606.jpg,9
22607.jpg,9
22608.jpg,9
22609.jpg,9
22610.jpg,9
22611.jpg,9
22612.jpg,9
22613.jpg,9
22614.jpg,9
22615.jpg,9
22616.jpg,9
22617.jpg,9
22618.jpg,9
22619.jpg,9
22620.jpg,9
22621.jpg,9
22622.jpg,9
22623.jpg,9
22624.jpg,9
22625.jpg,9
22626.jpg,9
22627.jpg,9
22628.jpg,9
22629.jpg,9
22630.jpg,9
22631.jpg,9
22632.jpg,9
22633.jpg,9
22634.jpg,9
22635.jpg,9
22636.jpg,9
22637.jpg,9
22638.jpg,9
22639.jpg,9
22640.jpg,9
22641.jpg,9
22642.jpg,9
22643.jpg,9
22644.jpg,9
22645.jpg,9
22646.jpg,9
22647.jpg,9
22648.jpg,9
22649.jpg,9
22650.jpg,9
22651.jpg,9
22652.jpg,9
22653.jpg,9
22654.jpg,9
22655.jpg,9
22656.jpg,9
22657.jpg,9
22658.jpg,9
22659.jpg,9
22660.jpg,9
22661.jpg,9
22662.jpg,9
22663.jpg,9
22664.jpg,9
22665.jpg,9
22666.jpg,9
22667.jpg,9
22668.jpg,9
22669.jpg,9
22670.jpg,9
22671.jpg,9
22672.jpg,9
22673.jpg,9
22674.jpg,9
22675.jpg,9
22676.jpg,9
22677.jpg,9
22678.jpg,9
22679.jpg,9
22680.jpg,9
22681.jpg,9
22682.jpg,9
22683.jpg,9
22684.jpg,9
22685.jpg,9
22686.jpg,9
22687.jpg,9
22688.jpg,9
22689.jpg,9
22690.jpg,9
22691.jpg,9
22692.jpg,9
22693.jpg,9
22694.jpg,9
22695.jpg,9
22696.jpg,9
22697.jpg,9
22698.jpg,9
22699.jpg,9
22700.jpg,9
22701.jpg,9
22702.jpg,9
22703.jpg,9
22704.jpg,9
22705.jpg,9
22706.jpg,9
22707.jpg,9
22708.jpg,9
22709.jpg,9
22710.jpg,9
22711.jpg,9
22712.jpg,9
22713.jpg,9
22714.jpg,9
22715.jpg,9
22716.jpg,9
22717.jpg,9
22718.jpg,9
22719.jpg,9
22720.jpg,9
22721.jpg,9
22722.jpg,9
22723.jpg,9
22724.jpg,9
22725.jpg,9
22726.jpg,9
22727.jpg,9
22728.jpg,9
22729.jpg,9
22730.jpg,9
22731.jpg,9
22732.jpg,9
22733.jpg,9
22734.jpg,9
22735.jpg,9
22736.jpg,9
22737.jpg,9
22738.jpg,9
22739.jpg,9
22740.jpg,9
22741.jpg,9
22742.jpg,9
22743.jpg,9
22744.jpg,9
22745.jpg,9
22746.jpg,9
22747.jpg,9
22748.jpg,9
22749.jpg,9
22750.jpg,9
22751.jpg,9
22752.jpg,9
22753.jpg,9
22754.jpg,9
22755.jpg,9
22756.jpg,9
22757.jpg,9
22758.jpg,9
22759.jpg,9
22760.jpg,9
22761.jpg,9
22762.jpg,9
22763.jpg,9
22764.jpg,9
22765.jpg,9
22766.jpg,9
22767.jpg,9
22768.jpg,9
22769.jpg,9
22770.jpg,9
22771.jpg,9
22772.jpg,9
22773.jpg,9
22774.jpg,9
22775.jpg,9
22776.jpg,9
22777.jpg,9
22778.jpg,9
22779.jpg,9
22780.jpg,9
22781.jpg,9
22782.jpg,9
22783.jpg,9
22784.jpg,9
22785.jpg,9
22786.jpg,9
22787.jpg,9
22788.jpg,9
22789.jpg,9
22790.jpg,9
22791.jpg,9
22792.jpg,9
22793.jpg,9
22794.jpg,9
22795.jpg,9
22796.jpg,9
22797.jpg,9
22798.jpg,9
22799.jpg,9
22800.jpg,9
22801.jpg,9
22802.jpg,9
22803.jpg,9
22804.jpg,9
22805.jpg,9
22806.jpg,9
22807.jpg,9
22808.jpg,9
22809.jpg,9
22810.jpg,9
22811.jpg,9
22812.jpg,9
22813.jpg,9
22814.jpg,9
22815.jpg,9
22816.jpg,9
22817.jpg,9
22818.jpg,9
22819.jpg,9
22820.jpg,9
22821.jpg,9
22822.jpg,9
22823.jpg,9
22824.jpg,9
22825.jpg,9
22826.jpg,9
22827.jpg,9
22828.jpg,9
22829.jpg,9
22830.jpg,9
22831.jpg,9
22832.jpg,9
22833.jpg,9
22834.jpg,9
22835.jpg,9
22836.jpg,9
22837.jpg,9
22838.jpg,9
22839.jpg,9
22840.jpg,9
22841.jpg,9
22842.jpg,9
22843.jpg,9
22844.jpg,9
22845.jpg,9
22846.jpg,9
22847.jpg,9
22848.jpg,9
22849.jpg,9
22850.jpg,9
22851.jpg,9
22852.jpg,9
22853.jpg,9
22854.jpg,9
22855.jpg,9
22856.jpg,9
22857.jpg,9
22858.jpg,9
22859.jpg,9
22860.jpg,9
22861.jpg,9
22862.jpg,9
22863.jpg,9
22864.jpg,9
22865.jpg,9
22866.jpg,9
22867.jpg,9
22868.jpg,9
22869.jpg,9
22870.jpg,9
22871.jpg,9
22872.jpg,9
22873.jpg,9
22874.jpg,9
22875.jpg,9
22876.jpg,9
22877.jpg,9
22878.jpg,9
22879.jpg,9
22880.jpg,9
22881.jpg,9
22882.jpg,9
22883.jpg,9
22884.jpg,9
22885.jpg,9
22886.jpg,9
22887.jpg,9
22888.jpg,9
22889.jpg,9
22890.jpg,9
22891.jpg,9
22892.jpg,9
22893.jpg,9
22894.jpg,9
22895.jpg,9
22896.jpg,9
22897.jpg,9
22898.jpg,9
22899.jpg,9
22900.jpg,9
22901.jpg,9
22902.jpg,9
22903.jpg,9
22904.jpg,9
22905.jpg,9
22906.jpg,9
22907.jpg,9
22908.jpg,9
22909.jpg,9
22910.jpg,9
22911.jpg,9
22912.jpg,9
22913.jpg,9
22914.jpg,9
22915.jpg,9
22916.jpg,9
22917.jpg,9
22918.jpg,9
22919.jpg,9
22920.jpg,9
22921.jpg,9
22922.jpg,9
22923.jpg,9
22924.jpg,9
22925.jpg,9
22926.jpg,9
22927.jpg,9
22928.jpg,9
22929.jpg,9
22930.jpg,9
22931.jpg,9
22932.jpg,9
22933.jpg,9
22934.jpg,9
22935.jpg,9
22936.jpg,9
22937.jpg,9
22938.jpg,9
22939.jpg,9
22940.jpg,9
22941.jpg,9
22942.jpg,9
22943.jpg,9
22944.jpg,9
22945.jpg,9
22946.jpg,9
22947.jpg,9
22948.jpg,9
22949.jpg,9
22950.jpg,9
22951.jpg,9
22952.jpg,9
22953.jpg,9
22954.jpg,9
22955.jpg,9
22956.jpg,9
22957.jpg,9
22958.jpg,9
22959.jpg,9
22960.jpg,9
22961.jpg,9
22962.jpg,9
22963.jpg,9
22964.jpg,9
22965.jpg,9
22966.jpg,9
22967.jpg,9
22968.jpg,9
22969.jpg,9
22970.jpg,9
22971.jpg,9
22972.jpg,9
22973.jpg,9
22974.jpg,9
22975.jpg,9
22976.jpg,9
22977.jpg,9
22978.jpg,9
22979.jpg,9
22980.jpg,9
22981.jpg,9
22982.jpg,9
22983.jpg,9
22984.jpg,9
22985.jpg,9
22986.jpg,9
22987.jpg,9
22988.jpg,9
22989.jpg,9
22990.jpg,9
22991.jpg,9
22992.jpg,9
22993.jpg,9
22994.jpg,9
22995.jpg,9
22996.jpg,9
22997.jpg,9
22998.jpg,9
22999.jpg,9
23000.jpg,9
23001.jpg,9
23002.jpg,9
23003.jpg,9
23004.jpg,9
23005.jpg,9
23006.jpg,9
23007.jpg,9
23008.jpg,9
23009.jpg,9
23010.jpg,9
23011.jpg,9
23012.jpg,9
23013.jpg,9
23014.jpg,9
23015.jpg,9
23016.jpg,9
23017.jpg,9
23018.jpg,9
23019.jpg,9
23020.jpg,9
23021.jpg,9
23022.jpg,9
23023.jpg,9
23024.jpg,9
23025.jpg,9
23026.jpg,9
23027.jpg,9
23028.jpg,9
23029.jpg,9
23030.jpg,9
23031.jpg,9
23032.jpg,9
23033.jpg,9
23034.jpg,9
23035.jpg,9
23036.jpg,9
23037.jpg,9
23038.jpg,9
23039.jpg,9
23040.jpg,9
23041.jpg,9
23042.jpg,9
23043.jpg,9
23044.jpg,9
23045.jpg,9
23046.jpg,9
23047.jpg,9
23048.jpg,9
23049.jpg,9
23050.jpg,9
23051.jpg,9
23052.jpg,9
23053.jpg,9
23054.jpg,9
23055.jpg,9
23056.jpg,9
23057.jpg,9
23058.jpg,9
23059.jpg,9
23060.jpg,9
23061.jpg,9
23062.jpg,9
23063.jpg,9
23064.jpg,9
23065.jpg,9
23066.jpg,9
23067.jpg,9
23068.jpg,9
23069.jpg,9
23070.jpg,9
23071.jpg,9
23072.jpg,9
23073.jpg,9
23074.jpg,9
23075.jpg,9
23076.jpg,9
23077.jpg,9
23078.jpg,9
23079.jpg,9
23080.jpg,9
23081.jpg,9
23082.jpg,9
23083.jpg,9
23084.jpg,9
23085.jpg,9
23086.jpg,9
23087.jpg,9
23088.jpg,9
23089.jpg,9
23090.jpg,9
23091.jpg,9
23092.jpg,9
23093.jpg,9
23094.jpg,9
23095.jpg,9
23096.jpg,9
23097.jpg,9
23098.jpg,9
23099.jpg,9
23100.jpg,9
23101.jpg,9
23102.jpg,9
23103.jpg,9
23104.jpg,9
23105.jpg,9
23106.jpg,9
23107.jpg,9
23108.jpg,9
23109.jpg,9
23110.jpg,9
23111.jpg,9
23112.jpg,9
23113.jpg,9
23114.jpg,9
23115.jpg,9
23116.jpg,9
23117.jpg,9
23118.jpg,9
23119.jpg,9
23120.jpg,9
23121.jpg,9
23122.jpg,9
23123.jpg,9
23124.jpg,9
23125.jpg,9
23126.jpg,9
23127.jpg,9
23128.jpg,9
23129.jpg,9
23130.jpg,9
23131.jpg,9
23132.jpg,9
23133.jpg,9
23134.jpg,9
23135.jpg,9
23136.jpg,9
23137.jpg,9
23138.jpg,9
23139.jpg,9
23140.jpg,9
23141.jpg,9
23142.jpg,9
23143.jpg,9
23144.jpg,9
23145.jpg,9
23146.jpg,9
23147.jpg,9
23148.jpg,9
23149.jpg,9
23150.jpg,9
23151.jpg,9
23152.jpg,9
23153.jpg,9
23154.jpg,9
23155.jpg,9
23156.jpg,9
23157.jpg,9
23158.jpg,9
23159.jpg,9
23160.jpg,9
23161.jpg,9
23162.jpg,9
23163.jpg,9
23164.jpg,9
23165.jpg,9
23166.jpg,9
23167.jpg,9
23168.jpg,9
23169.jpg,9
23170.jpg,9
23171.jpg,9
23172.jpg,9
23173.jpg,9
23174.jpg,9
23175.jpg,9
23176.jpg,9
23177.jpg,9
23178.jpg,9
23179.jpg,9
23180.jpg,9
23181.jpg,9
23182.jpg,9
23183.jpg,9
23184.jpg,9
23185.jpg,9
23186.jpg,9
23187.jpg,9
23188.jpg,9
23189.jpg,9
23190.jpg,9
23191.jpg,9
23192.jpg,9
23193.jpg,9
23194.jpg,9
23195.jpg,9
23196.jpg,9
23197.jpg,9
23198.jpg,9
23199.jpg,9
23200.jpg,9
23201.jpg,9
23202.jpg,9
23203.jpg,9
23204.jpg,9
23205.jpg,9
23206.jpg,9
23207.jpg,9
23208.jpg,9
23209.jpg,9
23210.jpg,9
23211.jpg,9
23212.jpg,9
23213.jpg,9
23214.jpg,9
23215.jpg,9
23216.jpg,9
23217.jpg,9
23218.jpg,9
23219.jpg,9
23220.jpg,9
23221.jpg,9
23222.jpg,9
23223.jpg,9
23224.jpg,9
23225.jpg,9
23226.jpg,9
23227.jpg,9
23228.jpg,9
23229.jpg,9
23230.jpg,9
23231.jpg,9
23232.jpg,9
23233.jpg,9
23234.jpg,9
23235.jpg,9
23236.jpg,9
23237.jpg,9
23238.jpg,9
23239.jpg,9
23240.jpg,9
23241.jpg,9
23242.jpg,9
23243.jpg,9
23244.jpg,9
23245.jpg,9
23246.jpg,9
23247.jpg,9
23248.jpg,9
23249.jpg,9
23250.jpg,9
23251.jpg,9
23252.jpg,9
23253.jpg,9
23254.jpg,9
23255.jpg,9
23256.jpg,9
23257.jpg,9
23258.jpg,9
23259.jpg,9
23260.jpg,9
23261.jpg,9
23262.jpg,9
23263.jpg,9
23264.jpg,9
23265.jpg,9
23266.jpg,9
23267.jpg,9
23268.jpg,9
23269.jpg,9
23270.jpg,9
23271.jpg,9
23272.jpg,9
23273.jpg,9
23274.jpg,9
23275.jpg,9
23276.jpg,9
23277.jpg,9
23278.jpg,9
23279.jpg,9
23280.jpg,9
23281.jpg,9
23282.jpg,9
23283.jpg,9
23284.jpg,9
23285.jpg,9
23286.jpg,9
23287.jpg,9
23288.jpg,9
23289.jpg,9
23290.jpg,9
23291.jpg,9
23292.jpg,9
23293.jpg,9
23294.jpg,9
23295.jpg,9
23296.jpg,9
23297.jpg,9
23298.jpg,9
23299.jpg,9
23300.jpg,9
23301.jpg,9
23302.jpg,9
23303.jpg,9
23304.jpg,9
23305.jpg,9
23306.jpg,9
23307.jpg,9
23308.jpg,9
23309.jpg,9
23310.jpg,9
23311.jpg,9
23312.jpg,9
23313.jpg,9
23314.jpg,9
23315.jpg,9
23316.jpg,9
23317.jpg,9
23318.jpg,9
23319.jpg,9
23320.jpg,9
23321.jpg,9
23322.jpg,9
23323.jpg,9
23324.jpg,9
23325.jpg,9
23326.jpg,9
23327.jpg,9
23328.jpg,9
23329.jpg,9
23330.jpg,9
23331.jpg,9
23332.jpg,9
23333.jpg,9
23334.jpg,9
23335.jpg,9
23336.jpg,9
23337.jpg,9
23338.jpg,9
23339.jpg,9
23340.jpg,9
23341.jpg,9
23342.jpg,9
23343.jpg,9
23344.jpg,9
23345.jpg,9
23346.jpg,9
23347.jpg,9
23348.jpg,9
23349.jpg,9
23350.jpg,9
23351.jpg,9
23352.jpg,9
23353.jpg,9
23354.jpg,9
23355.jpg,9
23356.jpg,9
23357.jpg,9
23358.jpg,9
23359.jpg,9
23360.jpg,9
23361.jpg,9
23362.jpg,9
23363.jpg,9
23364.jpg,9
23365.jpg,9
23366.jpg,9
23367.jpg,9
23368.jpg,9
23369.jpg,9
23370.jpg,9
23371.jpg,9
23372.jpg,9
23373.jpg,9
23374.jpg,9
23375.jpg,9
23376.jpg,9
23377.jpg,9
23378.jpg,9
23379.jpg,9
23380.jpg,9
23381.jpg,9
23382.jpg,9
23383.jpg,9
23384.jpg,9
23385.jpg,9
23386.jpg,9
23387.jpg,9
23388.jpg,9
23389.jpg,9
23390.jpg,9
23391.jpg,9
23392.jpg,9
23393.jpg,9
23394.jpg,9
23395.jpg,9
23396.jpg,9
23397.jpg,9
23398.jpg,9
23399.jpg,9
23400.jpg,9
23401.jpg,9
23402.jpg,9
23403.jpg,9
23404.jpg,9
23405.jpg,9
23406.jpg,9
23407.jpg,9
23408.jpg,9
23409.jpg,9
23410.jpg,9
23411.jpg,9
23412.jpg,9
23413.jpg,9
23414.jpg,9
23415.jpg,9
23416.jpg,9
23417.jpg,9
23418.jpg,9
23419.jpg,9
23420.jpg,9
23421.jpg,9
23422.jpg,9
23423.jpg,9
23424.jpg,9
23425.jpg,9
23426.jpg,9
23427.jpg,9
23428.jpg,9
23429.jpg,9
23430.jpg,9
23431.jpg,9
23432.jpg,9
23433.jpg,9
23434.jpg,9
23435.jpg,9
23436.jpg,9
23437.jpg,9
23438.jpg,9
23439.jpg,9
23440.jpg,9
23441.jpg,9
23442.jpg,9
23443.jpg,9
23444.jpg,9
23445.jpg,9
23446.jpg,9
23447.jpg,9
23448.jpg,9
23449.jpg,9
23450.jpg,9
23451.jpg,9
23452.jpg,9
23453.jpg,9
23454.jpg,9
23455.jpg,9
23456.jpg,9
23457.jpg,9
23458.jpg,9
23459.jpg,9
23460.jpg,9
23461.jpg,9
23462.jpg,9
23463.jpg,9
23464.jpg,9
23465.jpg,9
23466.jpg,9
23467.jpg,9
23468.jpg,9
23469.jpg,9
23470.jpg,9
23471.jpg,9
23472.jpg,9
23473.jpg,9
23474.jpg,9
23475.jpg,9
23476.jpg,9
23477.jpg,9
23478.jpg,9
23479.jpg,9
23480.jpg,9
23481.jpg,9
23482.jpg,9
23483.jpg,9
23484.jpg,9
23485.jpg,9
23486.jpg,9
23487.jpg,9
23488.jpg,9
23489.jpg,9
23490.jpg,9
23491.jpg,9
23492.jpg,9
23493.jpg,9
23494.jpg,9
23495.jpg,9
23496.jpg,9
23497.jpg,9
23498.jpg,9
23499.jpg,9
23500.jpg,9
23501.jpg,9
23502.jpg,9
23503.jpg,9
23504.jpg,9
23505.jpg,9
23506.jpg,9
23507.jpg,9
23508.jpg,9
23509.jpg,9
23510.jpg,9
23511.jpg,9
23512.jpg,9
23513.jpg,9
23514.jpg,9
23515.jpg,9
23516.jpg,9
23517.jpg,9
23518.jpg,9
23519.jpg,9
23520.jpg,9
23521.jpg,9
23522.jpg,9
23523.jpg,9
23524.jpg,9
23525.jpg,9
23526.jpg,9
23527.jpg,9
23528.jpg,9
23529.jpg,9
23530.jpg,9
23531.jpg,9
23532.jpg,9
23533.jpg,9
23534.jpg,9
23535.jpg,9
23536.jpg,9
23537.jpg,9
23538.jpg,9
23539.jpg,9
23540.jpg,9
23541.jpg,9
23542.jpg,9
23543.jpg,9
23544.jpg,9
23545.jpg,9
23546.jpg,9
23547.jpg,9
23548.jpg,9
23549.jpg,9
23550.jpg,9
23551.jpg,9
23552.jpg,9
23553.jpg,9
23554.jpg,9
23555.jpg,9
23556.jpg,9
23557.jpg,9
23558.jpg,9
23559.jpg,9
23560.jpg,9
23561.jpg,9
23562.jpg,9
23563.jpg,9
23564.jpg,9
23565.jpg,9
23566.jpg,9
23567.jpg,9
23568.jpg,9
23569.jpg,9
23570.jpg,9
23571.jpg,9
23572.jpg,9
23573.jpg,9
23574.jpg,9
23575.jpg,9
23576.jpg,9
23577.jpg,9
23578.jpg,9
23579.jpg,9
23580.jpg,9
23581.jpg,9
23582.jpg,9
23583.jpg,9
23584.jpg,9
23585.jpg,9
23586.jpg,9
23587.jpg,9
23588.jpg,9
23589.jpg,9
23590.jpg,9
23591.jpg,9
23592.jpg,9
23593.jpg,9
23594.jpg,9
23595.jpg,9
23596.jpg,9
23597.jpg,9
23598.jpg,9
23599.jpg,9
23600.jpg,9
23601.jpg,9
23602.jpg,9
23603.jpg,9
23604.jpg,9
23605.jpg,9
23606.jpg,9
23607.jpg,9
23608.jpg,9
23609.jpg,9
23610.jpg,9
23611.jpg,9
23612.jpg,9
23613.jpg,9
23614.jpg,9
23615.jpg,9
23616.jpg,9
23617.jpg,9
23618.jpg,9
23619.jpg,9
23620.jpg,9
23621.jpg,9
23622.jpg,9
23623.jpg,9
23624.jpg,9
23625.jpg,9
23626.jpg,9
23627.jpg,9
23628.jpg,9
23629.jpg,9
23630.jpg,9
23631.jpg,9
23632.jpg,9
23633.jpg,9
23634.jpg,9
23635.jpg,9
23636.jpg,9
23637.jpg,9
23638.jpg,9
23639.jpg,9
23640.jpg,9
23641.jpg,9
23642.jpg,9
23643.jpg,9
23644.jpg,9
23645.jpg,9
23646.jpg,9
23647.jpg,9
23648.jpg,9
23649.jpg,9
23650.jpg,9
23651.jpg,9
23652.jpg,9
23653.jpg,9
23654.jpg,9
23655.jpg,9
23656.jpg,9
23657.jpg,9
23658.jpg,9
23659.jpg,9
23660.jpg,9
23661.jpg,9
23662.jpg,9
23663.jpg,9
23664.jpg,9
23665.jpg,9
23666.jpg,9
23667.jpg,9
23668.jpg,9
23669.jpg,9
23670.jpg,9
23671.jpg,9
23672.jpg,9
23673.jpg,9
23674.jpg,9
23675.jpg,9
23676.jpg,9
23677.jpg,9
23678.jpg,9
23679.jpg,9
23680.jpg,9
23681.jpg,9
23682.jpg,9
23683.jpg,9
23684.jpg,9
23685.jpg,9
23686.jpg,9
23687.jpg,9
23688.jpg,9
23689.jpg,9
23690.jpg,9
23691.jpg,9
23692.jpg,9
23693.jpg,9
23694.jpg,9
23695.jpg,9
23696.jpg,9
23697.jpg,9
23698.jpg,9
23699.jpg,9
23700.jpg,9
23701.jpg,9
23702.jpg,9
23703.jpg,9
23704.jpg,9
23705.jpg,9
23706.jpg,9
23707.jpg,9
23708.jpg,9
23709.jpg,9
23710.jpg,9
23711.jpg,9
23712.jpg,9
23713.jpg,9
23714.jpg,9
23715.jpg,9
23716.jpg,9
23717.jpg,9
23718.jpg,9
23719.jpg,9
23720.jpg,9
23721.jpg,9
23722.jpg,9
23723.jpg,9
23724.jpg,9
23725.jpg,9
23726.jpg,9
23727.jpg,9
23728.jpg,9
23729.jpg,9
23730.jpg,9
23731.jpg,9
23732.jpg,9
23733.jpg,9
23734.jpg,9
23735.jpg,9
23736.jpg,9
23737.jpg,9
23738.jpg,9
23739.jpg,9
23740.jpg,9
23741.jpg,9
23742.jpg,9
23743.jpg,9
23744.jpg,9
23745.jpg,9
23746.jpg,9
23747.jpg,9
23748.jpg,9
23749.jpg,9
23750.jpg,9
23751.jpg,9
23752.jpg,9
23753.jpg,9
23754.jpg,9
23755.jpg,9
23756.jpg,9
23757.jpg,9
23758.jpg,9
23759.jpg,9
23760.jpg,9
23761.jpg,9
23762.jpg,9
23763.jpg,9
23764.jpg,9
23765.jpg,9
23766.jpg,9
23767.jpg,9
23768.jpg,9
23769.jpg,9
23770.jpg,9
23771.jpg,9
23772.jpg,9
23773.jpg,9
23774.jpg,9
23775.jpg,9
23776.jpg,9
23777.jpg,9
23778.jpg,9
23779.jpg,9
23780.jpg,9
23781.jpg,9
23782.jpg,9
23783.jpg,9
23784.jpg,9
23785.jpg,9
23786.jpg,9
23787.jpg,9
23788.jpg,9
23789.jpg,9
23790.jpg,9
23791.jpg,9
23792.jpg,9
23793.jpg,9
23794.jpg,9
23795.jpg,9
23796.jpg,9
23797.jpg,9
23798.jpg,9
23799.jpg,9
23800.jpg,9
23801.jpg,9
23802.jpg,9
23803.jpg,9
23804.jpg,9
23805.jpg,9
23806.jpg,9
23807.jpg,9
23808.jpg,9
23809.jpg,9
23810.jpg,9
23811.jpg,9
23812.jpg,9
23813.jpg,9
23814.jpg,9
23815.jpg,9
23816.jpg,9
23817.jpg,9
23818.jpg,9
23819.jpg,9
23820.jpg,9
23821.jpg,9
23822.jpg,9
23823.jpg,9
23824.jpg,9
23825.jpg,9
23826.jpg,9
23827.jpg,9
23828.jpg,9
23829.jpg,9
23830.jpg,9
23831.jpg,9
23832.jpg,9
23833.jpg,9
23834.jpg,9
23835.jpg,9
23836.jpg,9
23837.jpg,9
23838.jpg,9
23839.jpg,9
23840.jpg,9
23841.jpg,9
23842.jpg,9
23843.jpg,9
23844.jpg,9
23845.jpg,9
23846.jpg,9
23847.jpg,9
23848.jpg,9
23849.jpg,9
23850.jpg,9
23851.jpg,9
23852.jpg,9
23853.jpg,9
23854.jpg,9
23855.jpg,9
23856.jpg,9
23857.jpg,9
23858.jpg,9
23859.jpg,9
23860.jpg,9
23861.jpg,9
23862.jpg,9
23863.jpg,9
23864.jpg,9
23865.jpg,9
23866.jpg,9
23867.jpg,9
23868.jpg,9
23869.jpg,9
23870.jpg,9
23871.jpg,9
23872.jpg,9
23873.jpg,9
23874.jpg,9
23875.jpg,9
23876.jpg,9
23877.jpg,9
23878.jpg,9
23879.jpg,9
23880.jpg,9
23881.jpg,9
23882.jpg,9
23883.jpg,9
23884.jpg,9
23885.jpg,9
23886.jpg,9
23887.jpg,9
23888.jpg,9
23889.jpg,9
23890.jpg,9
23891.jpg,9
23892.jpg,9
23893.jpg,9
23894.jpg,9
23895.jpg,9
23896.jpg,9
23897.jpg,9
23898.jpg,9
23899.jpg,9
23900.jpg,9
23901.jpg,9
23902.jpg,9
23903.jpg,9
23904.jpg,9
23905.jpg,9
23906.jpg,9
23907.jpg,9
23908.jpg,9
23909.jpg,9
23910.jpg,9
23911.jpg,9
23912.jpg,9
23913.jpg,9
23914.jpg,9
23915.jpg,9
23916.jpg,9
23917.jpg,9
23918.jpg,9
23919.jpg,9
23920.jpg,9
23921.jpg,9
23922.jpg,9
23923.jpg,9
23924.jpg,9
23925.jpg,9
23926.jpg,9
23927.jpg,9
23928.jpg,9
23929.jpg,9
23930.jpg,9
23931.jpg,9
23932.jpg,9
23933.jpg,9
23934.jpg,9
23935.jpg,9
23936.jpg,9
23937.jpg,9
23938.jpg,9
23939.jpg,9
23940.jpg,9
23941.jpg,9
23942.jpg,9
23943.jpg,9
23944.jpg,9
23945.jpg,9
23946.jpg,9
23947.jpg,9
23948.jpg,9
23949.jpg,9
23950.jpg,9
23951.jpg,9
23952.jpg,9
23953.jpg,9
23954.jpg,9
23955.jpg,9
23956.jpg,9
23957.jpg,9
23958.jpg,9
23959.jpg,9
23960.jpg,9
23961.jpg,9
23962.jpg,9
23963.jpg,9
23964.jpg,9
23965.jpg,9
23966.jpg,9
23967.jpg,9
23968.jpg,9
23969.jpg,9
23970.jpg,9
23971.jpg,9
23972.jpg,9
23973.jpg,9
23974.jpg,9
23975.jpg,9
23976.jpg,9
23977.jpg,9
23978.jpg,9
23979.jpg,9
23980.jpg,9
23981.jpg,9
23982.jpg,9
23983.jpg,9
23984.jpg,9
23985.jpg,9
23986.jpg,9
23987.jpg,9
23988.jpg,9
23989.jpg,9
23990.jpg,9
23991.jpg,9
23992.jpg,9
23993.jpg,9
23994.jpg,9
23995.jpg,9
23996.jpg,9
23997.jpg,9
23998.jpg,9
23999.jpg,9
24000.jpg,9
24001.jpg,9
24002.jpg,9
24003.jpg,9
24004.jpg,9
24005.jpg,9
24006.jpg,9
24007.jpg,9
24008.jpg,9
24009.jpg,9
24010.jpg,9
24011.jpg,9
24012.jpg,9
24013.jpg,9
24014.jpg,9
24015.jpg,9
24016.jpg,9
24017.jpg,9
24018.jpg,9
24019.jpg,9
24020.jpg,9
24021.jpg,9
24022.jpg,9
24023.jpg,9
24024.jpg,9
24025.jpg,9
24026.jpg,9
24027.jpg,9
24028.jpg,9
24029.jpg,9
24030.jpg,9
24031.jpg,9
24032.jpg,9
24033.jpg,9
24034.jpg,9
24035.jpg,9
24036.jpg,9
24037.jpg,9
24038.jpg,9
24039.jpg,9
24040.jpg,9
24041.jpg,9
24042.jpg,9
24043.jpg,9
24044.jpg,9
24045.jpg,9
24046.jpg,9
24047.jpg,9
24048.jpg,9
24049.jpg,9
24050.jpg,9
24051.jpg,9
24052.jpg,9
24053.jpg,9
24054.jpg,9
24055.jpg,9
24056.jpg,9
24057.jpg,9
24058.jpg,9
24059.jpg,9
24060.jpg,9
24061.jpg,9
24062.jpg,9
24063.jpg,9
24064.jpg,9
24065.jpg,9
24066.jpg,9
24067.jpg,9
24068.jpg,9
24069.jpg,9
24070.jpg,9
24071.jpg,9
24072.jpg,9
24073.jpg,9
24074.jpg,9
24075.jpg,9
24076.jpg,9
24077.jpg,9
24078.jpg,9
24079.jpg,9
24080.jpg,9
24081.jpg,9
24082.jpg,9
24083.jpg,9
24084.jpg,9
24085.jpg,9
24086.jpg,9
24087.jpg,9
24088.jpg,9
24089.jpg,9
24090.jpg,9
24091.jpg,9
24092.jpg,9
24093.jpg,9
24094.jpg,9
24095.jpg,9
24096.jpg,9
24097.jpg,9
24098.jpg,9
24099.jpg,9
24100.jpg,9
24101.jpg,9
24102.jpg,9
24103.jpg,9
24104.jpg,9
24105.jpg,9
24106.jpg,9
24107.jpg,9
24108.jpg,9
24109.jpg,9
24110.jpg,9
24111.jpg,9
24112.jpg,9
24113.jpg,9
24114.jpg,9
24115.jpg,9
24116.jpg,9
24117.jpg,9
24118.jpg,9
24119.jpg,9
24120.jpg,9
24121.jpg,9
24122.jpg,9
24123.jpg,9
24124.jpg,9
24125.jpg,9
24126.jpg,9
24127.jpg,9
24128.jpg,9
24129.jpg,9
24130.jpg,9
24131.jpg,9
24132.jpg,9
24133.jpg,9
24134.jpg,9
24135.jpg,9
24136.jpg,9
24137.jpg,9
24138.jpg,9
24139.jpg,9
24140.jpg,9
24141.jpg,9
24142.jpg,9
24143.jpg,9
24144.jpg,9
24145.jpg,9
24146.jpg,9
24147.jpg,9
24148.jpg,9
24149.jpg,9
24150.jpg,9
24151.jpg,9
24152.jpg,9
24153.jpg,9
24154.jpg,9
24155.jpg,9
24156.jpg,9
24157.jpg,9
24158.jpg,9
24159.jpg,9
24160.jpg,9
24161.jpg,9
24162.jpg,9
24163.jpg,9
24164.jpg,9
24165.jpg,9
24166.jpg,9
24167.jpg,9
24168.jpg,9
24169.jpg,9
24170.jpg,9
24171.jpg,9
24172.jpg,9
24173.jpg,9
24174.jpg,9
24175.jpg,9
24176.jpg,9
24177.jpg,9
24178.jpg,9
24179.jpg,9
24180.jpg,9
24181.jpg,9
24182.jpg,9
24183.jpg,9
24184.jpg,9
24185.jpg,9
24186.jpg,9
24187.jpg,9
24188.jpg,9
24189.jpg,9
24190.jpg,9
24191.jpg,9
24192.jpg,9
24193.jpg,9
24194.jpg,9
24195.jpg,9
24196.jpg,9
24197.jpg,9
24198.jpg,9
24199.jpg,9
24200.jpg,9
24201.jpg,9
24202.jpg,9
24203.jpg,9
24204.jpg,9
24205.jpg,9
24206.jpg,9
24207.jpg,9
24208.jpg,9
24209.jpg,9
24210.jpg,9
24211.jpg,9
24212.jpg,9
24213.jpg,9
24214.jpg,9
24215.jpg,9
24216.jpg,9
24217.jpg,9
24218.jpg,9
24219.jpg,9
24220.jpg,9
24221.jpg,9
24222.jpg,9
24223.jpg,9
24224.jpg,9
24225.jpg,9
24226.jpg,9
24227.jpg,9
24228.jpg,9
24229.jpg,9
24230.jpg,9
24231.jpg,9
24232.jpg,9
24233.jpg,9
24234.jpg,9
24235.jpg,9
24236.jpg,9
24237.jpg,9
24238.jpg,9
24239.jpg,9
24240.jpg,9
24241.jpg,9
24242.jpg,9
24243.jpg,9
24244.jpg,9
24245.jpg,9
24246.jpg,9
24247.jpg,9
24248.jpg,9
24249.jpg,9
24250.jpg,9
24251.jpg,9
24252.jpg,9
24253.jpg,9
24254.jpg,9
24255.jpg,9
24256.jpg,9
24257.jpg,9
24258.jpg,9
24259.jpg,9
24260.jpg,9
24261.jpg,9
24262.jpg,9
24263.jpg,9
24264.jpg,9
24265.jpg,9
24266.jpg,9
24267.jpg,9
24268.jpg,9
24269.jpg,9
24270.jpg,9
24271.jpg,9
24272.jpg,9
24273.jpg,9
24274.jpg,9
24275.jpg,9
24276.jpg,9
24277.jpg,9
24278.jpg,9
24279.jpg,9
24280.jpg,9
24281.jpg,9
24282.jpg,9
24283.jpg,9
24284.jpg,9
24285.jpg,9
24286.jpg,9
24287.jpg,9
24288.jpg,9
24289.jpg,9
24290.jpg,9
24291.jpg,9
24292.jpg,9
24293.jpg,9
24294.jpg,9
24295.jpg,9
24296.jpg,9
24297.jpg,9
24298.jpg,9
24299.jpg,9
24300.jpg,9
24301.jpg,9
24302.jpg,9
24303.jpg,9
24304.jpg,9
24305.jpg,9
24306.jpg,9
24307.jpg,9
24308.jpg,9
24309.jpg,9
24310.jpg,9
24311.jpg,9
24312.jpg,9
24313.jpg,9
24314.jpg,9
24315.jpg,9
24316.jpg,9
24317.jpg,9
24318.jpg,9
24319.jpg,9
24320.jpg,9
24321.jpg,9
24322.jpg,9
24323.jpg,9
24324.jpg,9
24325.jpg,9
24326.jpg,9
24327.jpg,9
24328.jpg,9
24329.jpg,9
24330.jpg,9
24331.jpg,9
24332.jpg,9
24333.jpg,9
24334.jpg,9
24335.jpg,9
24336.jpg,9
24337.jpg,9
24338.jpg,9
24339.jpg,9
24340.jpg,9
24341.jpg,9
24342.jpg,9
24343.jpg,9
24344.jpg,9
24345.jpg,9
24346.jpg,9
24347.jpg,9
24348.jpg,9
24349.jpg,9
24350.jpg,9
24351.jpg,9
24352.jpg,9
24353.jpg,9
24354.jpg,9
24355.jpg,9
24356.jpg,9
24357.jpg,9
24358.jpg,9
24359.jpg,9
24360.jpg,9
24361.jpg,9
24362.jpg,9
24363.jpg,9
24364.jpg,9
24365.jpg,9
24366.jpg,9
24367.jpg,9
24368.jpg,9
24369.jpg,9
24370.jpg,9
24371.jpg,9
24372.jpg,9
24373.jpg,9
24374.jpg,9
24375.jpg,9
24376.jpg,9
24377.jpg,9
24378.jpg,9
24379.jpg,9
24380.jpg,9
24381.jpg,9
24382.jpg,9
24383.jpg,9
24384.jpg,9
24385.jpg,9
24386.jpg,9
24387.jpg,9
24388.jpg,9
24389.jpg,9
24390.jpg,9
24391.jpg,9
24392.jpg,9
24393.jpg,9
24394.jpg,9
24395.jpg,9
24396.jpg,9
24397.jpg,9
24398.jpg,9
24399.jpg,9
24400.jpg,9
24401.jpg,9
24402.jpg,9
24403.jpg,9
24404.jpg,9
24405.jpg,9
24406.jpg,9
24407.jpg,9
24408.jpg,9
24409.jpg,9
24410.jpg,9
24411.jpg,9
24412.jpg,9
24413.jpg,9
24414.jpg,9
24415.jpg,9
24416.jpg,9
24417.jpg,9
24418.jpg,9
24419.jpg,9
24420.jpg,9
24421.jpg,9
24422.jpg,9
24423.jpg,9
24424.jpg,9
24425.jpg,9
24426.jpg,9
24427.jpg,9
24428.jpg,9
24429.jpg,9
24430.jpg,9
24431.jpg,9
24432.jpg,9
24433.jpg,9
24434.jpg,9
24435.jpg,9
24436.jpg,9
24437.jpg,9
24438.jpg,9
24439.jpg,9
24440.jpg,9
24441.jpg,9
24442.jpg,9
24443.jpg,9
24444.jpg,9
24445.jpg,9
24446.jpg,9
24447.jpg,9
24448.jpg,9
24449.jpg,9
24450.jpg,9
24451.jpg,9
24452.jpg,9
24453.jpg,9
24454.jpg,9
24455.jpg,9
24456.jpg,9
24457.jpg,9
24458.jpg,9
24459.jpg,9
24460.jpg,9
24461.jpg,9
24462.jpg,9
24463.jpg,9
24464.jpg,9
24465.jpg,9
24466.jpg,9
24467.jpg,9
24468.jpg,9
24469.jpg,9
24470.jpg,9
24471.jpg,9
24472.jpg,9
24473.jpg,9
24474.jpg,9
24475.jpg,9
24476.jpg,9
24477.jpg,9
24478.jpg,9
24479.jpg,9
24480.jpg,9
24481.jpg,9
24482.jpg,9
24483.jpg,9
24484.jpg,9
24485.jpg,9
24486.jpg,9
24487.jpg,9
24488.jpg,9
24489.jpg,9
24490.jpg,9
24491.jpg,9
24492.jpg,9
24493.jpg,9
24494.jpg,9
24495.jpg,9
24496.jpg,9
24497.jpg,9
24498.jpg,9
